122,122SN00000844,AOMT184808PEER-M,VP15TF,\795
122,122SN00000003,SMDT3900MTL　ACX80　再研+再ｺｰﾄ,住友,"\8,800"
122,122SN00000515,SCMT170608-GM-E　CA520D,京セラ,"\1,000"
122,122SN00000953,ST10-C0611-45B-35,BIG　再研磨+再ｺｰﾄ,"\5,990"
122,122SN00000954,ADO-8D φ12,OSG SA　再研磨+再ｺｰﾄ,"\6,500"
122,*,6IRA60　AH725,タンガロイ,"\1,134"
122,*,FONBC16-16AA,BIG,"\4,720"
122,122SN00000117,DNMG150408-TM　T9215,タンガロイ,\645
122,122SN00000137,WNMG080408PQ,CA025P　　京セラ,\300
122,122SN00000790,LOMU150520ER-GM,PR1525,"\1,047"
122,122SN00000640,LT-SPT(ps1/8*120),OSG　13809,"\3,900"
122,122SN00000982,ﾀｯﾌﾟﾊﾝﾄﾞﾙ　M6-M20,SKC,"\2,185"
122,122SN00000981,HP50100-N　ﾅﾁｭﾗﾙ,910*910,"\1,130"
122,122SN00000134,WCMX080412　TT9030,ﾃｸﾞﾃｯｸ,\740
122,122SN00000706,TGIR25C-3,ｲｽｶﾙｼﾞｬﾊﾟﾝ,"\27,650"
122,122SN00000147,PNEU1205ANER-GL,PR1225,"\1,276"
122,122SN00000099,SST 100*050 ﾁﾄﾞﾘﾊﾞｻｲﾄﾞｶｯﾀｰ,岡崎精工,"\11,500"
122,122SN00000691,SCMT140508-XM-E CA520D,京ｾﾗ,\783
122,122SN00000956,16ER12W AH725,タンガロイ,"\1,470"
122,122SN00000080,B-212S-H48,ｷﾞｶﾞ,"\6,990"
122,122SN00000984,A20S-SDUCR11,ｻﾝﾄﾞﾋﾞｯｸ,"\16,480"
122,122SN00000090,SMDT3400MTL　ACX80　再研+再ｺｰﾄ,住友,"\7,200"
122,122SN00000089,SMDT3400MTL　ACX80,住友,"\15,300"
122,122SN00000228,WDXT186012-G　ACP300,住友,\985
122,*,DMC130 AH9130,タンガロイ,"\5,005"
122,122SN00000067,GLF300 ﾌｨﾙﾀｰ,STJ,"\3,830"
122,*,LG　GPNP　G1-11(36420),OSG　ZA,"\36,551"
122,122SN00000110,WDXT156012-G ACP300,住友電工ﾁｯﾌﾟ,\746
122,*,0800HGS5,住友　再研磨+再ｺｰﾄ,"\3,500"
122,122SN00000157,AT-1-A+E 7.67*14.5 RP28 NO.8331083,再研磨+再ｺｰﾄ,\0
122,122SN00000694,SCMT110410-XM-I　PR1535,京セラ,\690
122,122SN00000988,XNMU060604PNER ACU2500,住友,\890
122,122SN00000907,LXMU120408PER-MM AH3225,タンガロイ,\998
122,122SN00000145,BDMT11T304ER-JT PR1225,京セラ,\622
122,122SN00000579,266RL-16WH01A120M55BSW-12INTR　1125,ｻﾝﾄﾞﾋﾞｯｸ,"\2,170"
122,122SN00000183,880-0604W06H-P-GM　4344,ｻﾝﾄﾞﾋﾞｯｸ,"\1,860"
122,122SN00000987,WAS4050-85,住友電工一般,"\16,320"
122,122SN00000105,SMDT2010MTL ACX70,再研+再ｺｰﾄ,\0
122,122SN00000088,SMDT3900MTL　ACX80,住友,"\17,700"
122,122SN00000189,GER300-020EM PR1225,京セラ,"\1,782"
122,122SN00000182,CM0502 ACP200,BIG,\700
122,122SN00000869,W3000-10-W-F　ﾌｨﾙﾀｰﾚｷﾞｭﾚ-ﾀｰ,CKD,"\7,300"
122,*,M16　ﾜｯｼｬｰ,,\13
122,*,M16　ﾅｯﾄ,,\33
122,122SN00000303,TPMT160308HQ,PR930,\721
122,122SN00000690,SCMT140510-XM-I PR1535,京ｾﾗ,\783
122,122SN00000989,FONBC13-4AA,BIG,"\4,400"
122,*,BL12A-10P,BIG,"\60,000"
122,122SN00000215,BS1010　S10 Blade,NOGA,"\2,080"
122,122SN00000059,G10SH5　SS,HiKOKI（日立工機）,"\11,770"
122,122SN00000991,LG 2 GPWP M33*1.5,OSG ZA,"\18,900"
122,122SN00000990,S07G-STUCR06D08-OH,NTK,"\9,700"
122,122SN00000676,ﾊﾝﾏｰ 420JR-UBB150,,"\3,100"
122,122SN00000993,413J-UBB150,,"\4,260"
122,122SN00000995,21AZB148　ｸﾗﾝﾌﾟASSY,ﾐﾂﾄﾖ,\240
122,122SN00000222,WDO-3D 10,OSG SA　再研磨+再ｺｰﾄ,"\3,360"
122,122SN00000152,2ZDK086S　TEA06152,京ｾﾗ　再研磨+再ｺｰﾄ,"\3,490"
122,*,SMC製　ｼﾘﾝﾀﾞｰﾘｰﾄﾞｾﾝｻｰ,,"\4,500"
122,122SN00000736,ADO-8D 13-13,OSG SA　再研磨+再ｺｰﾄ,"\5,690"
122,122SN00000108,TGMF302　IC908,ｲｽｶﾙ,"\1,450"
122,122SN00000428,K-601-1,ｷﾝｷｾｲｻｸｼｮ,"\2,340"
122,122SN00000994,R-HF10-H40,GIGA,"\36,500"
122,122SN00000665,SCMT090410-GM-I PR1535,京セラ,\600
122,122SN00000693,SCMT110406-XM-E CA520D,京セラ,\690
122,*,LT-TPT PT1/8 L=100,OSG No.13559,"\4,275"
122,*,MCナイロンアオ,10*18*120,\200
122,*,DLCDOH5D0580,NACHI,"\20,130"
122,*,AL-HT M4*0.7 3P,OSG,\720
122,*,DLCFFDOH8D0403,NACHI,"\25,530"
122,122SN00000119,LNET082604-TN-N IC928,ｲｽｶﾙ,\966
122,122SN00001000,CA-CR-ETS 20*R1.5,OSG No.8502417,"\37,900"
122,122SN00000082,SFT-TPT PT1/8-28,OSG ZA,"\2,590"
122,122SN00000368,SPMG07T308DG,TT9030,\847
122,122SN00001001,MCSE108-30D,京セラ,"\7,990"
122,122SN00000523,TPMT160304HQ PR1725,京セラ,\721
122,122SN00000334,GDM3015N-040GMI　PR1225,京ｾﾗ,"\1,060"
122,122SN00000252,CNMG160608PT,CA515　京セラ,"\1,098"
122,*,SEMT120304C KW10,京セラ,\728
122,*,NBC20-5,BIG,"\4,990"
122,*,TIN-LS-RESF30,OSG　再研磨+再ｺｰﾄ,"\8,670"
122,*,16ER18W AH725,タンガロイ,"\1,470"
122,*,FONBC20-5AA,BIG,"\4,990"
122,122SN00000138,CNMG120408PQ　CA025P,京ｾﾗ,\330
122,122SN00000658,ﾋﾞﾆｰﾙｷｬｯﾌﾟ 黄色 11.5*1.2*25,CAPCO,\57
122,122SN00001003,AD-LDS 8*90°,OSG SA (8688936),"\8,600"
122,122SN00000231,TNMG220408N-GU,AC8025P,\740
122,122SN00000431,SEMT120304C SEMT421,PR1225,\880
122,122SN00000016,TPMT110208-PM T9125,ﾀﾝｶﾞﾛｲ,\475
122,122SN00000945,A-POT M24*1.5,OSG　8325200,"\13,800"
122,122SN00000020,A-POT　M20*1.5,OSG 8325180,"\8,900"
122,122SN00001009,AT-1　M14*2,OSG,"\26,820"
122,*,Cﾎﾙﾀﾞｰ　CH3000,NOGA,\770
122,*,ﾌﾞﾚｰﾄﾞ　C12　BC1211,NOGA,"\2,035"
122,122SN00001012,NG3000 ハンドル,NOGA,\840
122,122SN00000044,PCA-54 500*400 100枚,ｼﾞｮｰﾅﾝ（アブラトール）,"\14,000"
122,122SN00001007,ZS22001-999　ｷﾅｲｼｮｳﾒｲﾄｳ,ﾀｷｻﾜ,"\14,000"
122,122SN00001008,LR54001-002　ｱｸﾘﾙｶﾊﾞｰ,ﾀｷｻﾜ,"\2,500"
122,122SN00001013,LG 2 GPIP M12×1.75,OSG,"\11,850"
122,122SN00000554,GBA43L280-030 PR930,京セラ,"\1,800"
122,122SN00000358,KYOSERA　2ZDK086S,TEA06152,"\7,449"
122,122SN00000359,ﾆｰﾄﾞﾙ　Φ3*4mm,ｽﾊﾟﾛｰﾙ玉,\950
122,122SN00001015,FONBC20-9,BIG,"\5,010"
122,122SN00000760,16IR11BSPT-TF PR1215,京セラ,\748
122,*,S32-DRV290M-5-09,京セラ,"\45,248"
122,122SN00000415,TXMT16T306 ZA10N ﾅｲｽｶｯﾄ ﾒﾝﾄﾘ,1箱12個入り,"\22,800"
122,122SN00001017,TNMG160404-TSF GT9530,タンガロイ,\482
122,122SN00001016,A50U-PTFNR16-D630,タンガロイ,"\41,222"
122,122SN00001018,TNMG160404N-SX T2500Z,住友,\456
122,122SN00001021,16IR150ISO-TQ PR1215,京セラ,\739
122,122SN00001023,LG 2 GPIP M12*1.25,OSG,"\11,850"
122,122SN00001022,TLZ3200 JC7550,DIJET,"\10,900"
122,122SN00000873,SMDT1800MTL　ACX70,住友　再研磨+再ｺｰﾄ,"\4,400"
122,122SN00000885,SMDT2200MTL ACX70,住友　再研磨+再ｺｰﾄ,"\4,030"
122,122SN00000522,ﾊｲﾋﾟｯﾁﾍﾟｰﾊﾟｰ　HNAD　125mm 粒度80,三共理化学,\60
122,122SN00000133,DCMT11T308-PM　T9225,タンガロイ,\645
122,122SN00000062,SMDT2010MTL,住友,"\7,100"
122,122SN00001019,ｷｬﾘﾊﾟｰ C180-03(30-54)0.02L168,ｶｾﾀﾞ,"\47,650"
122,122SN00000975,E16X-STLPR11-18A,京セラ,"\38,304"
122,122SN00000925,FONBC20-16AA,BIG,"\5,010"
122,122SN00000926,FONBC20-20AA,BIG,"\5,010"
122,122SN00001024,ｷｬｯﾌﾟﾎﾞﾙﾄ　M6×12,,\11
122,122SN00001025,ｷｬｯﾌﾟﾎﾞﾙﾄ　M6×15,,\12
122,122SN00000422,AT-1 9.67*20.1 Rp19 NO.8331084,OSG　ZA,"\25,300"
122,122SN00000903,CE2.5 2.5*60°*7.7,ヤマワ,\810
122,122SN00000233,CE-S 3.0*60*7.7,ﾔﾏﾜ,\810
122,122SN00001029,HO-8-H90,GIGA　生爪,"\7,976"
122,122SN00001028,ENH4-3,BIG,"\7,976"
122,122SN00001030,VBMT110308HQ CA525,京セラ,\685
122,122SN00000327,TPGH160304L TN60,京ｾﾗ,\800
122,122SN00000201,TCGH060102FR-F05 TM4,NTK,"\1,280"
122,122SN00000582,CST-13.4D*6.6D*118°,ｽﾊﾟﾛｰﾙ ｽﾞﾊﾞﾝD,"\156,000"
122,122SN00000104,AT-1 7.67*14.5 RP28 NO.8331083,OSG SA,"\24,023"
122,122SN00000002,SIGER2525E-EH,京セラ,"\17,808"
122,*,DMSW08100R06,住友電工一般,\0
122,*,上記用ﾁｯﾌﾟ,住友電工ﾁｯﾌﾟ,\0
122,122SN00001046,G1/4-19　GRNR-B,ｵｼﾞﾔ,"\39,080"
122,*,A-SFT M3*0.5 STD OH2 1P,OSG　8326811,"\1,852"
122,122SN00000009,GER500-020EM　PR1225,京セラ,"\1,650"
122,122SN00001045,FONBC13-5.0AA,BIG,"\4,420"
122,122SN00000571,WDXT094008G　ACP300,住友,\690
122,122SN00000516,SCMT170610-GM-I　PR1535,京セラ,"\1,001"
122,122SN00001048,S32-DRV265M-3-09,京セラ,"\35,392"
122,122SN00000342,SCMT140510-GM-I PR1535,京ｾﾗ,\775
122,122SN00001050,ｳﾚﾀﾝﾁｭｰﾌﾞ　U2-4-12*8(ｸﾛ),ﾆｯﾀ,\411
122,122SN00001049,HSK-A63-HMC32S-110,BIG,"\27,220"
122,*,LG-GPNP G1/8-28 No.36350,OSG ZA,"\21,550"
122,122SN00000839,22IRN60　PR1115,,"\2,279"
122,122SN00000955,16ER16W AH725,タンガロイ,"\1,470"
122,122SN00000827,スコッチ・ブライト　仕上げベルト,N　BELT　S-SF　100*915,"\3,900"
122,122SN00001052,HO-6-H50,GIGA,"\4,660"
122,122SN00000426,R390-11T308M-PM,ｻﾝﾄﾞﾋﾞｯｸ,"\1,285"
122,122SN00001051,CROH20-5AA,聖和精機,"\10,823"
122,122SN00001056,S50U-DTFNR1604-63,住友,"\35,573"
122,122SN00000780,HO-10 H80,GIGA　生爪,"\8,400"
122,122SN00001057,A-POT M14*1.5 5P STD,OSG,"\4,330"
122,122SN00001058,ST16-CM14-45B-61,BIG,"\16,666"
122,122SN00000336,SCMT050205-GM-E　CA520D,京ｾﾗ,\500
122,122SN00000337,SCMT050210-GM-I　PR1535,京ｾﾗ,\500
122,122SN00000028,FH-20 強力型銅ﾊﾝﾏｰ#2,OH工業,"\5,400"
122,*,GIVR2532-1C,京セラ,"\16,037"
122,122SN00001065,E12Q-STLPR11-14A2/3,京セラ,"\25,953"
122,122SN00000429,TLZ2200　JC7550,再研磨+再ｺｰﾄ,"\7,282"
122,122SN00001061,EWN53-95CKB5,BIG,"\56,666"
122,122SN00001062,ENH5-2,BIG,"\7,267"
122,122SN00001063,BBT40-CKB5-108,BIG,"\21,667"
122,*,DNMG150402GP TN60,京セラ,\616
122,*,TPGH160302L TN60,京セラ,\800
122,122SN00001066,ｷﾞｶﾞ　HO-10-H90,ﾅﾏﾂﾞﾒ,"\9,530"
122,*,PM040MG,,"\2,755"
122,*,BBT40-CKB6-64,BIG,"\18,800"
122,122SN00000868,LD-42,シート　京セラ,\765
122,122SN00001067,G1/8-28 STD OH3 No8327401,OSG,"\3,218"
122,122SN00001068,TIN-LT-SFT M16*2*150 STD,OSG,"\8,940"
122,122SN00001069,103006,ﾐﾂﾄﾖ,\790
122,122SN00000716,SCMT170610-XM-I　PR1535,京セラ,\997
122,122SN00000717,SCMT170608-XM-E　CA520D,京セラ,\997
122,*,ﾆｭｰｿﾌﾄﾗｯﾌﾟ φ30 120ﾊﾞﾝ 5360 25ﾏｲｲﾘ,UHT,"\2,250"
122,*,WJB-200R,ﾕｰｴｲ,"\3,583"
122,122SN00000058,BFTX0615N,住友電工,\400
122,*,WK-200,ﾕｰｴｲ,"\2,440"
122,122SN00001073,KGBAR2020H22-15,京セラ,"\8,512"
122,122SN00000412,CCET04X101L-FYS　AC1030U,住友電工ﾁｯﾌﾟ,"\1,130"
122,122SN00001047,SMDT1850MTL ACX70,住友　再研磨+再ｺｰﾄ,"\3,850"
122,122SN00001071,OIL-SPT PF1/8*150,OSG　10613,"\8,780"
122,122SN00001074,AT-1 MG 11.67*14.7RC19,OSG 8331078 Rc3/8-19山,"\30,805"
122,122SN00001080,ANMT09T3PPPR-MJ　GH330,ﾀﾝｶﾞﾛｲ,\641
122,122SN00000616,CM0402　ACP300,BIG,\704
122,*,LG-GPNP　G3/8-19　36370,OSG,"\19,535"
122,122SN00001077,MAN200 モンキーレンチ,スーパーツール,\980
122,*,CU1010　SUSｽﾍﾟｰｻｰ,ﾋﾛｽｷﾞｹｲｷ,"\3,950"
122,122SN00001075,PSC32-14,BIG,"\9,069"
122,122SN00001076,PSC32-15,BIG,"\9,069"
122,*,CG-35AX 511-701 シリンダーゲージ,ミツトヨ,"\13,464"
122,*,ｷｬｯﾌﾟﾎﾞﾙﾄ M10×50L ｸﾋﾞｼﾀｾﾞﾝﾈｼﾞ,,\62
122,122SN00000041,L4040S ｶｯﾄﾌｨﾙﾀｰ 10枚入り,ﾊｼﾓﾄｸﾛｽ,"\3,520"
122,122SN00001085,T4DT200H ﾗﾁｪｯﾄﾃﾞｼﾞﾄﾙｸ,TONE,"\37,108"
122,122SN00000544,DWLNR2525M08,住友電工一般,"\6,415"
122,122SN00001084,4S-10 ｿｹｯﾄ6ｶｸﾀｲﾌﾟ,TONE,\353
122,122SN00000719,A-POT　M3*0.5 STD+2,OSG　No8325451,"\1,750"
122,*,NC-SD 12*90°,YAMAWA 再研磨+再ｺｰﾄ,"\1,700"
122,122SN00000917,LXMU080304PER-MM　AH3225,ﾀﾝｶﾞﾛｲ,\740
122,122SN00001087,12AAC731　標準ｽﾀｲﾗｽ,ﾐﾂﾄﾖ,"\22,500"
122,*,ﾊｲｶﾌﾟﾗ　20PFF　10個入り,,\234
122,*,M10*1.5　全長60L,キャップボルト,\38
122,*,LG A GR G1/4-19,OSG,"\18,260"
122,*,LG A NR G1/4-19,OSG,"\18,260"
122,122SN00000144,GPNP G1/4-19,ｵｼﾞﾔｾｲｷ,"\20,350"
122,122SN00000884,MCSE106 MCSE型面取りｴﾝﾄﾞﾐﾙ,京セラ,"\7,744"
122,122SN00000966,OCA25-20,BIG,"\6,111"
122,122SN00001090,CE-S　2*60°*6,YAMAWA,\744
122,122SN00001072,MDE1210S13H08 ACT100,住友　800754428,"\19,740"
122,122SN00001088,VEH160L12.0R05104S10,タンガロイ,"\12,400"
122,*,SPOT-WS　ｵﾋﾞﾃﾂﾖｳｼｰﾙ　1000ｺｲﾘ,ｽﾎﾟｯﾄ,"\3,543"
122,122SN00001089,CGF-35X　ｼﾘﾝﾀﾞｰｹﾞｰｼﾞ,ミツトヨ,"\22,304"
122,122SN00000411,416.1-833　ﾁｯﾌﾟｽｸﾘｭｰ,ｻﾝﾄﾞﾋﾞｯｸ,\165
122,122SN00001091,WDX490D3S40,住友電工一般,"\48,000"
122,*,16ER16UN AH725,タンガロイ,"\1,366"
122,122SN00001093,TDXT3E-0.4 TT9080,テグテック,"\1,509"
122,*,F2000-10-W-F1,NLX2500用　レギュレーター,"\4,870"
122,122SN00000463,NSK 629ZZ,,\157
122,*,ﾆﾂﾞｸﾘｿｳﾘｮｳ,,"\3,000"
122,*,GM52004-325　ﾁｬｯｸﾌﾟﾚｯｼｬｰｽｲｯﾁ,ﾀｷｻﾜ,"\27,000"
122,122SN00001096,E08L-SCLCR06-10AN2/3,京セラ,"\18,474"
122,*,LG-GPIP　PS1/8　35910,OSG,"\17,010"
122,122SN00001092,TTFPR25-30-3,テグテック,"\14,000"
122,122SN00001095,SCR6.35,栄工舎　ｽﾄﾚｰﾄｼｬﾝｸﾁｬｯｷﾝｸﾞﾘｰﾏ,"\6,614"
122,122SN00000087,ﾊﾞﾝﾄﾞｿｰﾏｼﾝ用 ﾎｲﾙﾌﾞﾗｼ,ﾅﾙﾄﾔ　P-231　φ80*20*6.5,\928
122,122SN00000513,SCMT110406-GM-E CA520D,京セラ,\693
122,122SN00001099,DMD-210J,テクロック,"\27,882"
122,122SN00001097,ST10-C0207-45-20,BIG,"\7,020"
122,122SN00000195,FONBC20-8AA,BIG,"\5,400"
122,122SN00001098,DMC110 AH9130,タンガロイ,"\4,758"
122,122SN00000083,AT-1 1/8　28山　7.67*9.1 RC28,OSG ZA No.8331076,"\27,060"
122,122SN00000197,FONBC20-13AA,BIG,"\5,400"
122,122SN00001101,NBK13-35,BIG,"\1,350"
122,122SN00001103,S10L-SVPCR08-14A,京セラ,"\9,075"
122,122SN00000343,SCMT140508-GM-E CA520D,京ｾﾗ,\783
122,122SN00001086,AT-1 11.67*32.7 Rp14-INT,OSG　No.8331086 再研磨+再ｺｰﾄ,"\11,663"
122,122SN00001106,HO-10　H100,GIGA　生爪,"\10,030"
122,122SN00001104,VCMT080204HQ CA025P,京セラ,\666
122,122SN00001105,511-702　CG-60AX,ﾐﾂﾄﾖ,"\14,484"
122,122SN00000356,W2000-10-W-F1T8,CKD,"\7,200"
122,122SN00000054,WDXT186012-G:ACP300,住友,\985
122,122SN00000589,DNMG150404GP TN60,京セラ,\605
122,*,SBD2387537　バルブ,,"\39,200"
122,*,エリア料金,,"\3,000"
122,122SN00001100,V-UCS 8.3*90°,OSG SA,"\2,592"
122,122SN00001107,CR20-3A,聖和精機,"\4,900"
122,122SN00000894,16ER14W AH725,ﾀﾝｶﾞﾛｲ,"\1,400"
122,122SN00001108,16ER18W　AH725,タンガロイ,"\1,470"
122,*,800828620　9999,ナンシン　DSK-101B　青,"\11,500"
122,*,800040321　OSG　ZA,TIN-LT　M16×2×150　＃2（17240）タップ,"\9,250"
122,122SN00001109,40P12 ﾌﾟﾚｰﾝｸﾗﾝﾌﾟ,スーパーツール,"\4,080"
122,*,DMC152　AH9130,タンガロイ,"\5,535"
122,122SN00000159,TMC20-2,OSG SA,"\23,200"
122,*,SCMT070305-XM-E CA520D,京セラ,\534
122,*,SCMT070310-XM-I PR1535,京セラ,\534
122,122SN00001112,CCMW40104T00815SE KBN25M,京セラ,"\2,614"
122,122SN00001111,C07K-SCLCR04-08AN,京セラ,"\18,306"
122,*,B212S-H48,THE CUT,"\6,990"
122,122SN00000552,TPGP080204EL,T1500A　BIG,\592
122,*,アイゼン,アイゼン　ピンゲージ6.33,\980
122,*,ST12W-M10-105,BIG,"\21,642"
122,*,EB18N,BIG,"\4,752"
122,*,HSK-A63-CKB5-83,BIG,"\21,642"
122,*,EWB2-32CK5,BIG,"\99,500"
122,*,TPMT080204EFM T2000Z,BIG,\669
122,122SN00001094,MDE1210S13H08,住友　再研磨+再ｺｰﾄ,"\4,350"
122,*,ミツトヨ,BSG-30HX　ｽﾀﾝﾄﾞ,"\71,070"
122,122SN00001115,420J-UBB150,ﾊﾝﾏｰｷｬｽﾀｰ,"\3,404"
122,122SN00001116,420JR-UBB150,ﾊﾝﾏｰｷｬｽﾀｰ,"\3,100"
122,122SN00000532,TCGT110202EL　T1500A,BIG,\628
122,*,ケンコー　スネークカメラ,SNAKESP-17SP,"\20,000"
122,*,800882767　サンドビッグ,5322　232-02,\941
122,122SN00000739,TPMT110304HQ,CA5525,\408
122,*,AT-1-A+E 7.67*14.5 RP28 NO.8331076,再研磨+再コート,\0
122,122SN00000166,CCMT120408-UM　4325,ｻﾝﾄﾞﾋﾞｯｸ,"\1,330"
122,*,BIG　ST38-6P,,"\7,975"
122,*,ST20-DBR7-10,カトウ工機　バリ取りホルダ,"\34,300"
122,*,W616-SP,カトウ工機　専用刃物,"\8,600"
122,*,ER11-6,カトウ工機　コレット,"\5,450"
122,*,E11M,カトウ工機　専用スパナ,"\4,600"
122,*,FONBC13-6,BIG,"\4,420"
122,*,P29040A10　ﾌﾚｸｼﾌﾞﾙﾎｰｽ,,"\2,240"
122,*,P40005A19　SLEEVE PB6,,\230
122,*,P40001A18　PLUG PA6,,\230
122,122SN00001123,S40-DRV430M-2-14,京セラ,"\41,850"
122,122SN00001124,S40-DRV550M-2-17,京セラ,"\46,440"
122,122SN00001126,800884570,NSﾌﾗﾝｼﾞﾌﾟﾗｸﾞ G1/4,\171
122,122SN00001227,800884571,ﾌﾗﾝｼﾞﾌﾟﾗｸﾞ G3/8,\190
122,122SN00001128,800884572,NSﾌﾗﾝｼﾞﾌﾟﾗｸﾞ G1/2,\240
122,*,800884726　ミツトヨ,511-702　CG-60AX　修理,"\12,000"
122,122SN00000988,XNMU060604PNER-L ACU2500,住友,\890
122,122SN00001125,S32S-SVUBR16-40A,京セラ,"\18,090"
122,122SN00001228,800870776,TIN-LT-SFT　M16*X2*150 STD,"\8,940"
122,122SN00001121,ｼﾝﾜｽｹｰﾙ 150mm,ｼﾙﾊﾞｰ,\217
122,*,ﾀﾝｶﾞﾛｲ,S40-DDUNR15T-H,"\23,807"
122,*,WDX580D4S40,住友電工一般,"\59,500"
122,122SN00000378,LOMU100408ER-GM,PR1525,\907
122,122SN00001230,SPMG090408DG TT9030,ﾃｸﾞﾃｯｸ,\801
122,*,ﾛｯｷｰｼﾞｮｲﾝﾄ　P46236A01,800578799,"\60,900"
122,122SN00001229,TDR229025T2-09,ﾃｸﾞﾃｯｸ,"\36,948"
122,122SN00001232,DMC186,ﾀﾝｶﾞﾛｲ,"\7,729"
122,122SN00001231,SK20-6,日研工作所,"\4,040"
122,122SN00000933,SMDT2410MTL　ACX70,住友電工一般,"\8,710"
122,122SN00001233,MDF1080S2D,住友,"\10,200"
122,*,B-212S-H100,GIGA,"\14,710"
122,122SN00001235,HO-6S-H50,GIGA,"\4,710"
122,122SN00001119,MDF1420S2D,住友　再研磨+再ｺｰﾄ,"\4,500"
122,122SN00001236,7033-10,ﾐﾂﾄﾖ ﾏｸﾞﾈﾁｯｸｽﾀﾝﾄﾞ,"\25,160"
122,122SN00001237,GSMSR100,GIGA　ﾏｸﾞﾈｯﾄｸﾘｰﾅｰ,"\5,298"
122,122SN00001239,SB4C01M ｽｰﾊﾟｰ超硬ﾊﾞｰ,ｽｰﾊﾟｰﾂｰﾙ,"\2,500"
122,122SN00001240,TPMT110304PP TN610,京セラ,\267
122,*,12AAC731,ミツトヨ,"\20,550"
122,122SN00001242,SPET06T104 NK2020（12個入り）,ﾌｼﾞｹﾞﾝ,"\18,388"
122,122SN00001241,UMH12-10S-M12-60,ﾌｼﾞｹﾞﾝ,"\16,667"
122,*,ニイガタセイキ,マスターリングゲージ6.00,"\11,625"
122,122SN00000610,GBA43R140-020　PR1215,京セラ,"\1,694"
122,122SN00000374,VNMG160408HQ,CA525,\680
122,122SN00001243,UMH12-10S-M12-30,ﾌｼﾞｹﾞﾝ,"\16,667"
122,122SN00000220,880-060406H-C-GM　1044,ｻﾝﾄﾞﾋﾞｯｸ,"\1,750"
122,122SN00000554,GBA43L280-030 PR1625,京セラ,"\1,697"
122,*,ｶｾﾀﾞｷｬﾘﾊﾟｰ　C180-05　50-74,,"\53,800"
122,*,ｶｾﾀﾞｿｳﾘｮｳ,,"\1,200"
122,*,BT30-SCA25.4-60,,"\18,300"
122,122SN00000250,ｼﾝｸﾞﾙｱﾝｸﾞﾙｶｯﾀｰ　75*13*25.4*60°,SACR075*13*060　PB606 岡崎,"\12,550"
122,122SN00000216,SMDH350L,ﾏﾙﾁﾄﾞﾘﾙﾎﾙﾀﾞ,"\50,048"
122,122SN00000553,TGMF635-080 IC8250,ｲｽｶﾙｼﾞｬﾊﾟﾝ,"\2,119"
122,*,800887024　MST,BT30-HFA10-120-S50,"\150,807"
122,*,800654762　MST,C10-10,"\4,400"
122,*,800887025　MST,ABF13,"\52,200"
122,*,800888792　ベッセル,GSH080S,\328
122,122SN00000315,TLZ3200　JC7550,再研+再ｺｰﾄ,\0
122,122SN00001244,16IR19W AH725,ﾀﾝｶﾞﾛｲ,"\1,345"
122,122SN00001245,16IR14UN AH725,ﾀﾝｶﾞﾛｲ,"\1,234"
122,122SN00001246,7010-10,ミツトヨ,"\7,208"
122,122SN00001247,543-781-10 ID-S1012X2,ミツトヨ,"\10,336"
122,122SN00000605,16ER200ISO-TF　PR1115,京セラ,\740
122,122SN00000986,NEO-PHS 16,OSG　No.8529360　再研磨+再ｺｰﾄ,"\9,243"
122,*,ﾆｲｶﾞﾀｾｲｷ　MV-80Gﾏｸﾞﾈｯﾄ　Vブロック,,"\16,213"
122,122SN00001252,TMA40-40,BIG,"\13,739"
122,122SN00000213,500-703-20 CD-P20S ﾃﾞｼﾞﾀﾙﾉｷﾞｽ,ﾐﾂﾄﾖ,"\17,748"
122,122SN00000160,2EI14WTM2,OSG SA,"\3,900"
122,122SN00000070,TPMX110304WP TN610,京ｾﾗ,\265
122,122SN00001256,CSP16,ﾀﾝｶﾞﾛｲ,"\1,407"
122,122SN00001254,FONBC13-8.5AA,BIG,"\4,400"
122,*,プリント板引取修理費,,"\65,000"
122,*,146-222　GVM-25NR,,"\29,240"
122,122SN00001255,A-POT　M8*1.25　OH5,OSG 8325107,"\2,143"
122,*,XENCコードCOS　6B6236001,,"\10,400"
122,122SN00001253,ｺﾛﾅ　SL-5123(W),ポータブルストーブ,"\20,750"
122,122SN00001249,DMC150　AH9130,ﾀﾝｶﾞﾛｲ　再研磨+再コート,\0
122,122SN00001248,DMP110　AH725,ﾀﾝｶﾞﾛｲ　再研磨+再コート,"\3,420"
122,*,ｲｰﾃﾞｱﾙ　W1-16　M00,,\101
122,*,ﾄｶﾞﾜ　ﾎﾟﾘｳﾚﾀﾝﾎｰｽ　TPH-1116,,\988
122,*,30PH,,\231
122,*,VC104N　ﾊﾞｲｽ,,"\177,420"
122,*,ドテ市　協力値引き,,"\5,000"
122,122SN00000061,OS-N-PO M14*1.5P4,ﾔﾏﾜ,"\2,500"
122,122SN00000432,ｶｰﾒｯｸｽ　21-14NPTF,MT7,"\5,500"
122,122SN00000451,TPGP080202EL　T1500A,BIG,\594
122,122SN00001257,BL12A-10P（10個入り）,BIG,"\60,000"
122,122SN00001259,HY-PRO P　3EI 14W TM2,7713573　OSG,"\4,930"
122,*,P30T-2MGH3,,"\1,660"
122,122SN00001262,DMC150 AH9130,タンガロイ,"\5,540"
122,*,RF-20801LEP-JL,,"\3,450"
122,122SN00001263,SBS-9B-H48,GIGA,"\5,600"
122,122SN00001264,SBS-9B-H63,GIGA,"\9,520"
122,*,500-703-20　CD-P20S,ﾐﾂﾄﾖ,"\17,748"
122,122SN00001260,FONBC20-11AA,BIG,"\5,400"
122,122SN00000911,TID110R16-12,ﾀﾝｶﾞﾛｲ,"\41,640"
122,122SN00000910,TID180F25-8,ﾀﾝｶﾞﾛｲ,"\46,170"
122,122SN00001269,AT-1 MG 9.7*28P1.75-INT,OSG SA No.8331011(M12*1.75),"\25,650"
122,122SN00001270,AT-1 MG 11.7*36P2-INT,OSG SA No.8331019(M16*2),"\37,800"
122,122SN00000859,ｶｰﾒｯｸｽ　SR0018H21,ﾎﾙﾀﾞｰ,"\23,947"
122,122SN00001265,423-UBB150,ﾊﾝﾏｰｷｬｽﾀ-,"\2,400"
122,122SN00001267,RFSS-6.0,日研　超鋼PFラジカルリーマ,"\18,106"
122,122SN00000410,ADO-10D 6　��8696600,OSG,"\14,850"
122,122SN00001266,2GS6,NACHI,"\2,483"
122,*,CDF30760119000RS　ﾁｪｰﾝ,,"\20,700"
122,*,E36526A03,LEDｼｮｳﾒｲﾕﾆｯﾄ,"\40,600"
122,*,フィルタエレメント,,"\3,620"
122,*,SBS-9B-H100,ｷﾞｶﾞ,"\16,940"
122,*,ACS　15*60°,ｴｲｺｰ,"\6,325"
122,122SN00000369,DNMG150408N-LUT1000A,住友電工ﾁｯﾌﾟ,\620
122,122SN00000364,SCMT090405-GM-E　CA520D,京セラ,\589
122,122SN00001272,SIGER2020D-EH,京セラ,"\15,910"
122,122SN00001273,GER300-020D　PR1225,京セラ,"\1,700"
122,122SN00001081,TPGH160302L　TN60,京セラ,\800
122,*,KC-12　5L,,"\9,080"
122,122SN00001274,GYM25LD-G14-180,三菱ﾏﾃﾘｱﾙﾂｰﾙｽﾞ,"\8,640"
122,*,21AZB148　クランプASSY,,\274
122,122SN00000920,DMP186　AH725,ﾀﾝｶﾞﾛｲ,"\7,625"
122,122SN00001271,ADO-3D 10　��8691000,OSG 再研磨+再ｺｰﾄ,"\3,365"
122,*,800899643　ﾌｧﾅｯｸ,A60L-0001-0046/3.2ﾋｭｰｽﾞMP32,\830
122,*,PG　H7　30　9343030,,"\7,500"
122,*,APL-03　6ｶｸﾎﾞｳﾚﾝﾁ,TONE,\160
122,122SN00001280,TPMT110208-PS　T9225,ﾀﾝｶﾞﾛｲ,\565
122,122SN00001279,TPMT110202-PS,T9225,\565
122,122SN00001282,S40-DRV570M-3-17,京セラ,"\52,472"
122,122SN00001284,H-SPT PF3/4-14　��8307748,OSG ZA,"\18,040"
122,122SN00000736,ADO-8D 13-13　��8695300,OSG SA　再研磨+再ｺｰﾄ,"\5,690"
122,122SN00001286,CG-S18A　511-201　ｼﾘﾝﾀﾞｰｹﾞｰｼﾞ,ﾐﾂﾄﾖ,"\18,700"
122,122SN00000958,2046AB,ミツトヨ,"\3,890"
122,122SN00000536,C1603B,BIG,\920
122,122SN00001287,NC-LDS　20*120　62938,OSG　SA,"\6,780"
122,*,ｲﾁｸﾞﾁ　AF3025　#80,,\553
122,*,ｲﾁｸﾞﾁ　SW3025-S　#80,,\553
122,122SN00001288,R3/8ﾌﾟﾗｸﾞｹﾞｰｼﾞ,OSG 9335061,"\21,040"
122,122SN00000145,BDMT11T304ER-JT PR1825,京セラ,\622
122,*,800141840　ﾎﾞﾙﾄ・材料,ﾕﾆｸﾛ　ﾛｯｶｸﾎﾞﾙﾄ　M16*60,\96
122,*,ST20S-CBL260,BIG,"\31,300"
122,*,エリアリョウキンA,,"\3,000"
122,*,ギガﾞスタンドマル　TR25,,"\11,370"
122,122SN00001278,DMC186　AH9130,ﾀﾝｶﾞﾛｲ　再研磨+再コート,"\5,470"
122,*,SMDH365L,住友,"\55,340"
122,*,SMDT3600MTL,住友,"\15,600"
122,*,ボルト・材料,NSフランジプラグ　G1/2,\240
122,122SN00001298,ADO-SUS-3D φ5.1,OSG　SA,"\7,850"
122,122SN00001299,ADO-SUS-3D φ6.8,OSG　SA,"\8,710"
122,122SN00000588,GDM3020N040GM　PR1225,京セラ,"\1,060"
122,122SN00000826,SMDT1910MTL,住友,"\6,920"
122,122SN00000861,AZ0500 ﾒｯｷﾎﾞｰﾙﾎﾟｲﾝﾄｼｮｰﾄ六角棒ﾚﾝﾁ 5mm,旭金属工業,\430
122,122SN00001303,6IR19PT　AH725,ﾀﾝｶﾞﾛｲ,"\1,064"
122,122SN00001302,BD6610　D66　ﾌﾞﾚｰﾄﾞ(10本入り),ﾉｶﾞ,"\8,162"
122,122SN00001306,ADO-SUS-3D φ8.5,OSG　SA,"\10,530"
122,122SN00000757,LS-SP PS1/8-28 L100,ﾔﾏﾜ,"\3,424"
122,*,ﾋﾟﾝ　3*4L,,\950
122,122SN00000876,AT-1 NPT1/8-27 No.8331089,OSG　SA,"\23,300"
122,122SN00000158,TNMG220408-MF　4325,ｻﾝﾄﾞﾋﾞｯｸ,"\1,453"
122,122SN00001309,F100S50-A63-65,MST ﾜｰｸﾎﾙﾀﾞｼｽﾃﾑｽﾏｰﾄｸﾞﾘｯﾌﾟﾍｯﾄﾞ,"\93,750"
122,122SN00001310,MP63F250,MST　ﾜｰｸﾎﾙﾀﾞｼｽﾃﾑｽﾏｰﾄｸﾞﾘｯﾌﾟﾏｳﾝﾃｨﾝｸﾞﾌﾟﾚｰﾄ,"\46,000"
122,122SN00001311,A63-DOC70-75,MST ﾀﾞﾌﾞﾃｰﾙ/ｽﾏｰﾄｸﾞﾘｯﾌﾟ,"\35,800"
122,122SN00000219,R245-12T3M-PM　4330,ｻﾝﾄﾞﾋﾞｯｸ,"\1,220"
122,*,800579489　9999,NSK　629ZZ,\173
122,122SN00001308,RC3/8-19　ﾊﾝﾄﾞﾀｯﾌﾟ,ﾔﾏﾜ,"\3,430"
122,*,800887414　OSG　SA研磨,2ZDK086S　TEA06152　再研磨+再コート,"\3,490"
122,122SN00001312,R245-12T3　シーム,ｻﾝﾄﾞﾋﾞｯｸ,\283
122,122SN00001313,5513　020-01,ｻﾝﾄﾞﾋﾞｯｸ,\314
122,122SN00001315,ST20-DBR7-1D,カトウ工機,"\34,300"
122,122SN00001317,ER11-6　ｺﾚｯﾄ,カトウ工機,"\5,450"
122,*,キンセツスイッチ,,"\8,750"
122,*,CAP（ﾋﾀﾞﾘﾈｼﾞ）6*40,,\580
122,*,ADO-SUS-3D　8.5,,"\10,530"
122,122SN00001301,SMDT1400MTL　ACX70,住友　再研磨+再ｺｰﾄ,"\3,885"
122,122SN00000170,BLF500,ﾌｨﾙﾀｰ,"\6,230"
122,122SN00000733,ﾆﾁﾄﾞｳ　AR-045-5.0,ｼﾞﾄﾞｳﾏｷｴｱｰﾘｰﾙｵｰﾄｴｱ,"\4,682"
122,122SN00001321,TI-123HX　513-415-10H,ﾐﾂﾄﾖ,"\9,715"
122,122SN00001320,DMP241  AH725,タンガロイ,"\10,030"
122,*,06ABN840　MS4-1R　4.5,ﾐﾂﾄﾖ,"\15,000"
122,122SN00001318,NSC BT30-NSC20-075,聖和精機,"\17,238"
122,122SN00001319,PS-52 ﾌｯｸｽﾊﾟﾅ (NSC20用),聖和精機,"\1,100"
122,*,YMKT YKL 12*200*150,,"\9,225"
122,*,SAAKIBAKO1　850*350*350,,"\19,000"
122,122SN00001322,SNMG120412-SM　AH6225,タンガロイ,\590
122,*,ｶｾﾀﾞYA-1　ｷｬﾘﾊﾟｰ410-20,,"\30,400"
122,122SN00001327,SUSSFT-SPT 2.5 HSE 2 PF1/2-14,OSG,"\8,496"
122,122SN00001329,XPMT040104R-DS　AH725,ﾀﾝｶﾞﾛｲ,\470
122,122SN00001330,XPMT050204R-DS　AH725,ﾀﾝｶﾞﾛｲ,\490
122,122SN00001331,XPMT06X308R-DS　AH725,ﾀﾝｶﾞﾛｲ,\510
122,122SN00001332,XPMT07H308R-DS　AH725,ﾀﾝｶﾞﾛｲ,\560
122,122SN00000919,DMP150　AH725,ﾀﾝｶﾞﾛｲ　再研磨+再コート,"\4,580"
122,122SN00000116,SCMT140508SM PR1225,京セラ,\773
122,122SN00000116,ZXMT140408SM PR1225,京セラ,\773
122,*,ｽﾃﾝCAP　M6*12　日本鋲螺,,\6
122,122SN00000814,SCMP060204EFM AC820P,BIG,\433
122,*,E16X-STLPR11-18A-1/2,京セラ,"\38,304"
122,122SN00000895,CER2525M16DT,ﾀﾝｶﾞﾛｲ,"\13,900"
122,122SN00000845,3EI14WTM2　VBX,OSG,"\4,930"
122,122SN00001336,S40-DRV440M-4-14,京セラ,"\51,576"
122,122SN00000340,S40-DRV460M-2-14,京ｾﾗ,"\43,400"
122,*,800912422　近藤製作所,ER2　ｶｲﾍｲｶｸﾆﾝｾﾝｻ,"\11,250"
122,*,800598286　DMG森精機,ｻｷﾞｮｳﾋ　1H1ﾘ,"\13,000"
122,122SN00001299,ADO-SUS-3D φ6.8-7,OSG　SA No.8665680,"\8,710"
122,122SN00001338,HSK-A63-TSL20-90,BIG,"\16,700"
122,122SN00000268,SPGN-120304　T1000A,住友電工ﾁｯﾌﾟ,"\1,030"
122,*,CAP　10*60*32,,\56
122,*,ボルト　材料,CAP　ﾆｯｾｲｾｲｺｳ10*145*32,\115
122,*,GSXVLSLT3040-R0.5-2.5D,ﾅﾁ,"\10,227"
122,*,GSXVLSLT3030-R0.2-2.5D,ﾅﾁ,"\9,717"
122,122SN00000887,B-212-S H60,GIGA,"\10,870"
122,*,S40-DRV520M-2-17,京セラ,"\44,720"
122,122SN00001343,5322　472-01,ｻﾝﾄﾞﾋﾞｯｸ,\283
122,*,RSN20NB(Ni),コレットチャック用ナット　No.30895,"\7,940"
122,122SN00000331,CROH20-11AA,聖和精機,"\8,740"
122,122SN00001345,MCTR14.00*M25-15,ﾀﾝｶﾞﾛｲ,"\63,011"
122,122SN00001346,TOHT070304R-NDJ AH725,ﾀﾝｶﾞﾛｲ,"\1,524"
122,122SN00001347,GP05-060 F1122,ﾀﾝｶﾞﾛｲ,"\2,141"
122,122SN00001349,TLZ2400 JC7550,DIJET,"\8,135"
122,122SN00001350,TLZD2400S32-SS,DIJET,"\23,420"
122,122SN00001344,TD022DZ　黒,マキタ,"\8,855"
122,122SN00001351,DSW307H,DIJET,\706
122,122SN00001352,A-10,DIJET,"\1,345"
122,122SN00001353,SB-50140TR,京セラ,\286
122,122SN00001354,MFPN-45　シート,京セラ,"\1,031"
122,122SN00001355,SPW-7050　ｼﾑｽｸﾘｭｰ,京セラ,\650
122,122SN00000543,SCMT070310-GM-I PR1535,京セラ,\540
122,122SN00001356,CTFVR2525-3T10-034050,ﾀﾝｶﾞﾛｲ,"\14,310"
122,122SN00001357,DTF3-040-R AH7025,ﾀﾝｶﾞﾛｲ,"\1,490"
122,122SN00001358,SMDT1400MFS ACX70,住友,"\6,038"
122,122SN00001359,N-SP　M18-1.5,ﾔﾏﾜ,"\3,895"
122,122SN00000559,ZCMT12T306,PR1225,\755
122,122SN00001360,KOYO　6201CM,,\253
122,122SN00001361,6904C3,NSK,\468
122,122SN00001363,SCMT070305-GM-E　PR1225,京ｾﾗ,\560
122,122SN00001362,ST12-CFR20.0-80,BIG,"\28,250"
122,122SN00001070,TIN-LT-2-OH3-M16*2*150,OSG　17240,"\8,940"
122,*,CTFVR2525-3T15-044060,,"\14,310"
122,122SN00000010,DD-42　シート,京セラ,\598
122,122SN00001364,CR20-20AA,聖和精機,"\5,780"
122,122SN00000724,SMDT1700MTL　ACX70,住友,"\6,074"
122,*,HO-10　H120,,"\14,620"
122,*,GDM4020N-040GM　PR1215,京セラ,"\1,226"
122,122SN00000319,A32S-DDUNR15-40,京ｾﾗ,"\23,100"
122,*,GER200-010E　PR1025,京セラ,"\2,003"
122,122SN00001365,AT-1 MG 9.67*14.7 RC19 ��8331077,OSG GA,"\29,430"
122,*,AE-TL-N　10×30　8557345,OSG,"\4,280"
122,*,A-SFT 1.5P STD M20X2.5 No.8327577,OSG,"\11,110"
122,*,SMDT1750MTL ACX70,住友電工一般,"\6,400"
122,122SN00001340,ADO-SUS-3D φ6.8-7　No.8665680,OSG SA　再研磨+再ｺｰﾄ,"\2,825"
122,122SN00001341,ADO-10D-8,OSG SA　再研磨+再ｺｰﾄ,"\3,260"
122,*,ｸﾘﾀ　AG50L,,"\1,755"
122,*,ファナック,A90L-0001-0510　ファンモータ,"\2,600"
122,122SN00000084,ADO-8Dφ9-9　��8694900,再研磨+再ｺｰﾄ,"\3,500"
122,*,SNR0008H06-2,タンガロイ,"\9,600"
122,*,P29019A02,,"\2,590"
122,*,P40001A18,,\240
122,*,P40005A19,,\240
122,*,パーツソウリョウ,,"\1,480"
122,*,S08X-STLPR09-10A,京セラ,"\8,512"
122,*,800922095　ミツトヨ,CD-30PMX修理,"\15,300"
122,*,TPMT090204HQ,京セラ,\432
122,*,800509739　OSG ZA,LG　GPNP　G1/4-19　36360,"\18,900"
122,*,800283742　OSG　ZA,LG　2　GPIP　M14X1.5,"\12,674"
122,*,SMDH180M,住友,"\25,850"
122,*,SMDT1800MTL,住友,"\6,615"
122,122SN00000539,TPMT110308HQ,CA525 京セラ,\431
122,*,Rp1　ﾊﾝﾄﾞﾀｯﾌﾟ,,"\18,255"
122,*,TTIR32-5C,,"\26,700"
122,*,NSフランジプラグ,,\200
122,*,Ps1　ﾊﾝﾄﾞﾀｯﾌﾟ,,"\18,255"
122,*,A-SFT　M20*2.5　STD　��8327577,OSG,"\12,221"
122,*,ｸｰﾗﾝﾄﾎﾟﾝﾌﾟ　MTH2-6/6,,"\71,700"
122,*,アイゼン　13.98　ピンゲージ,,"\2,050"
122,*,��8331018,OSG,"\48,433"
122,*,HO-10　H150,,"\17,444"
122,*,ｶｾﾀﾞ　YC-3　ﾀﾞｲﾔﾙｷｬﾘﾊﾟｯｹｰｼﾞ,,"\34,450"
122,*,トラスコ中山　T1812-TN　Tスロナット,,\430
122,122SN00000551,SCMM090308EFM,AC820P　BIG,\470
122,122SN00000695,S40-DRV580M-3-17,京ｾﾗ,"\52,472"
122,122SN00000558,GVR500-020C,TC60M ｻｰﾒﾁｯﾌﾟ,"\1,928"
122,*,��35911　プラグゲージ,OSG,"\16,093"
122,*,E12Q-STLPR11-14A,,"\26,818"
122,*,S＆K,SS4T16,"\7,970"
122,122SN00000952,SMDH180-5D,住友電工一般,"\32,391"
122,122SN00001373,AT-1　13.7*36　P1.5-INT,OSG　��8331018,"\48,433"
122,122SN00001374,A-SFT　2.5P　STD　9/16-18UNF,OSG　��8327315,"\5,776"
122,122SN00000555,GMM8030-080MW,CR9025 京ｾﾗ,"\2,130"
122,*,BBT40-HMC16S-120,BIG,"\25,000"
122,*,AR16-9 ｺﾚｯﾄ,アルプスツール,"\6,177"
122,122SN00001376,AE-VMS 20*R4,OSG No.8557315,"\32,704"
122,122SN00001371,FT-GDN 14,OSG SA　再研磨+再ｺｰﾄ(FXｺｰﾄ),"\4,290"
122,122SN00000825,SMDH190-3DF,住友,"\32,723"
122,122SN00001379,S-XPF B HSE STD M16*1.5,OSG ZA　転造タップ,"\11,200"
122,122SN00001380,BSP20-1516,BIG,"\9,882"
122,122SN00001381,NBC20-16AA,BIG,"\4,746"
122,122SN00001375,AT-1　13.7*36　P1.5-INT　��8331018,OSG　再研磨+再ｺｰﾄ,\0
122,122SN00001382,A-SFT 2.5P STD+1 M10*1.25　OH4 ��8325702,OSG,"\2,991"
122,122SN00001383,A-POT M12*1.25 OH5,OSG No.8325521,"\3,550"
122,*,ﾉｶﾞ　BD5010,,"\8,565"
122,122SN00001384,B-212-H120,ﾅﾏﾂﾞﾒ　ｷﾞｶﾞ,"\16,267"
122,*,PT　1/4　タップ　�� 8327663,OSG,"\6,546"
122,122SN00001386,178MAA　ﾗｼﾞｱｽｹﾞｰｼﾞ,ﾌｼﾞﾂｰﾙ,"\13,400"
122,122SN00001385,178MA　ﾗｼﾞｱｽｹﾞｰｼﾞ,ﾌｼﾞﾂｰﾙ,"\4,430"
122,*,LPCCB8-P20-B22.5-G18,ミスミ,"\1,220"
122,*,LPCCB8-P20-B27.5-G18,ミスミ,"\1,220"
122,*,LPCCB8-P20-B42.5-G18,ミスミ,"\1,220"
122,*,LPCCB8-P20-B45-G18,ミスミ,"\1,220"
122,122SN00000257,880-0906W10H-P-LM　4344,ｻﾝﾄﾞﾋﾞｯｸ,"\1,980"
122,122SN00000260,880-090608H-C-LM 1044,ｻﾝﾄﾞﾋﾟｯｸ,"\1,950"
122,122SN00001387,ｸﾘｰﾝﾃｯｸ 260 30260,ラング,"\40,545"
122,122SN00000875,EX-REEN34　ﾗﾌｨﾝｸﾞｴﾝﾄﾞﾐﾙ,OSG　ZA,"\40,650"
122,122SN00001307,ADO-SUS-3D φ8.5　No.8665850,OSG　SA　再研磨+再ｺｰﾄ,"\3,780"
122,122SN00001305,ADO-SUS-3D φ5.1　��8665510,OSG　SA　再研磨+再ｺｰﾄ,"\2,600"
122,122SN00001378,MDW0800HGS5,住友 再研磨+再ｺｰﾄ,"\3,190"
122,*,CSPB-2.2,ﾀﾝｶﾞﾛｲ,\400
122,122SN00001389,NBN20,BIG,"\7,451"
122,122SN00000606,16IR14BSPT-TF　PR1115,京セラ,\741
122,122SN00000889,PDJNR2525M-15,京セラ,"\6,370"
122,*,SFT-SPT-2-PS1/4-19,OSG　No.13732,"\2,917"
122,122SN00000944,CRM8.0(8900800),OSG　SA,"\11,554"
122,122SN00001100,V-UCS 8.3*90°��9109083,OSG SA,"\2,851"
122,*,800153687　北川鉄工所,B-208　ﾁｭｳｸｳﾁｬｯｸ,"\278,000"
122,122SN00001391,WMK6160L0853,NOGA,"\3,918"
122,122SN00001392,TBG65SS825983,NOGA,"\4,353"
122,122SN00001394,SP08N　ﾘｰﾌｽﾌﾟﾘﾝｸﾞ,ﾉｰﾏﾙﾀｲﾌﾟ,"\2,336"
122,122SN00001393,ST8-CFR11.8-70,BIG,"\25,671"
122,122SN00000755,PJC32-20,BIG,"\8,420"
122,*,RSN20B,聖和精機　ナット,"\7,223"
122,*,RSC20 CROH20-11,聖和精機　コレット,"\8,740"
122,122SN00000842,CCMT060204PP PV720,京セラ,\328
122,122SN00001395,BPS20-1920,ﾍﾞﾋﾞｰﾊﾟｰﾌｪｸﾄｼｰﾙ　BIG,"\9,882"
122,*,TDIT4.00E-2.00　TT7220,ﾃｸﾞﾃｯｸ,"\2,316"
122,122SN00000497,S25-DRV225M-3-07,京セラ,"\31,853"
122,122SN00000822,SMDH140-12D,住友,"\54,890"
122,*,800938774　ﾀﾝｶﾞﾛｲ,LXMU10T308PER-MM　AH3225　ｻﾝﾌﾟﾙ,\0
122,*,800938775　ﾀﾝｶﾞﾛｲ,EVLX10M021C20.0R02L　ｻﾝﾌﾟﾙ,\0
122,122SN00001398,AVGT060302PBER-MJ AH3225,タンガロイ,\617
122,*,800938927　ﾀﾝｶﾞﾛｲ,DMNG150408-ZF T9225,\0
122,*,800938928　ﾀﾝｶﾞﾛｲ,DMNG150408-TSF T9225,\0
122,122SN00001399,EPAV06M012C12.0R03,タンガロイ,"\18,123"
202,202G000000188,LOGU1207040PNER-M　MP6120,三菱,"\1,140"
202,202G000000227,MFE1060X02S120 DP1020,三菱,"\7,080"
202,202G000000153,NP-TPGB110304GA3 BC8120,三菱T.A CBNチップ,"\3,590"
202,202G000000057,三菱超硬ﾄﾞﾘﾙ再研磨,MQS0450*8DB(再研　再ｺｰﾄ),\0
202,202G000000073,MQS1050*8DB　DP3020,三菱超硬ﾄﾞﾘﾙ再研磨,"\3,860"
202,202G000000200,MVS0800*05S080 DP1020,三菱,"\9,710"
202,*,MVS0450X08S050　DP1020,三菱,"\9,070"
202,202G000000216,MS2MDD0200,三菱,"\1,020"
202,202G000000005,DP1020　MVE1050X03S110,三菱超硬ﾄﾞﾘﾙ,"\8,210"
202,202G000000220,MVS0860X05S090 DP1020,三菱WSTARドリル　再研磨+再ｺｰﾄ,"\4,440"
202,202G000000085,MVS0880*08S090(再研・再ｺｰﾄ),三菱,"\6,200"
202,202G000000169,MVS1050*05S110 DP1020,三菱WSTARドリル　再研磨+再ｺｰﾄ,"\4,400"
202,202G000000206,MVS1090X05S110 DO1020,三菱　再研磨+再ｺｰﾄ,"\4,950"
202,202G000000039,三菱超硬ドリル,MVE1460X02S150（再研+再ｺｰﾄ）,"\4,630"
202,202G000000032,MFE1750X02S180　DP1020,三菱超硬ｻﾞｸﾞﾘﾄﾞﾘﾙ再研+再ｺｰﾄ,"\7,550"
202,202G000000194,DLE1000S100P090 DP1020,三菱ﾘｰﾃﾞｨﾝｸﾞﾄﾞﾘﾙ,"\6,780"
202,202G000000235,MVS0680*03S080 DP1020,三菱,"\8,350"
202,202G000000236,MVS1500X05S150,三菱WSTARドリル,"\17,900"
202,202G000000133,TNMG220404-C　NX3035,三菱,\581
202,202G000000141,DP3020　MQS0860X5DB,三菱超硬ドリル　再研磨+再ｺｰﾄ,"\3,890"
202,202G000000157,MQS1600*5DB,DP3020　再研磨+再ｺｰﾄ,"\4,850"
202,202G000000170,NP-DNGA150408GA2　BC8220,三菱CBNｲﾝｻｰﾄ,"\3,550"
202,202G000000237,CH-A33-11M,XEBEC交差穴用ﾊﾞﾘ取ｾﾗﾐｯｸﾌﾞﾗｼ,"\9,880"
202,*,MVS0500X10S050,三菱,"\9,780"
202,*,MVS0650X08S080,三菱,"\10,340"
202,202G000000217,MVS0880X05S090 DP1020,三菱WSTARドリル　再研磨+再ｺｰﾄ,"\4,630"
202,202G000000072,TNMG220404-C　NX2525,三菱,\581
202,*,MVS0680*05S080 DP1020,三菱,"\9,450"
202,202G000000244,MVS0850X05S090 DP1020,三菱,"\11,040"
202,202G000000069,VC4JRBD1600R0050,三菱超硬ｿﾘｯﾄﾞｴﾝﾄﾞﾐﾙ再研磨,"\9,990"
202,202G000000206,MVS1090X05S110 DP1020,三菱　再研磨+再ｺｰﾄ,"\4,950"
202,202G000000223,MVS1100X05S110 DP1020,三菱WSTARドリル　再研磨+再ｺｰﾄ,"\4,950"
202,202G000000247,MVS1600X05S160 DP1020,三菱,"\18,900"
202,202G000000228,NP-DNGA150404GA4 BC8220,三菱,"\6,120"
202,202G000000229,RM560Z-TIN-D14.0,菱高Monomax超硬S軸リーマ,"\21,100"
202,202G000000034,MFE0860X02S100　DP1020,三菱超硬ｻﾞｸﾞﾘﾄﾞﾘﾙ再研+再ｺｰﾄ,"\3,950"
202,202G000000074,SOMX187008-UM　MC1020,三菱T.Aﾁｯﾌﾟ,\980
202,202G000000240,GYHR2525M90-M25L,三菱外径溝入れﾊﾞｲﾄﾎﾙﾀﾞ,"\8,590"
202,202G000000241,GYM25LA-H08,三菱溝入れﾌﾞﾚｰﾄﾞ,"\7,140"
202,202G000000242,GY1G-0300H-R0.5-10,三菱特殊溝入れT.Aﾁｯﾌﾟ10個ﾛｯﾄ,"\3,900"
202,202G000000246,超硬ﾄﾞﾘﾙ再研磨,φ10.5*60*110L,"\4,440"
202,202G000000249,MVS1460X03S150　DP1020,三菱超硬ﾄﾞﾘﾙ,"\15,330"
202,202G000000128,GYDR32S90C-M20L,三菱ﾏﾃﾘｱﾙﾂｰﾙｽﾞ,"\16,010"
202,202G000000152,GYM20LA-H12,三菱溝入れ用ブレード,"\6,010"
202,202G000000238,W120-W24-4.1L-SAIKEN WXL,N-20220317 再研磨+再ｺｰﾄ,"\6,800"
202,202G000000044,VP20RT　GY2M0500H040N-GU,,"\1,035"
202,202G000000254,NP-TPGB110304GS3 BC8210,三菱T.A CBNチップ,"\3,590"
202,202G000000243,MVS0450X08S050,三菱　再研磨+再ｺｰﾄ,"\4,480"
202,202G000000076,DP1020　MFE1200*02S120　先端再研磨+再ｺｰﾄ,三菱超硬ｻﾞｸﾞﾘﾄﾞﾘﾙ,"\4,550"
202,202G000000195,MVS0880X03S090 DP1020,三菱,"\9,410"
202,202G000000256,TNMG160404-FS NX2525,三菱,\390
202,202G000000145,MVS1410*05S150　DP1020,三菱WSTARドリル,"\15,330"
202,202G000000092,EP7020 IMX16RC4F160R05016C,三菱ﾍｯﾄﾞ式ｴﾝﾄﾞﾐﾙ　外径再研磨,"\12,700"
202,202G000000187,2SSD0400,三菱,"\1,310"
202,202G000000258,NP-TPGB110302FS3　BC8210,三菱T.A CBNチップ,"\3,780"
202,202G000000259,AOMT123602PEER-M VP15TF,三菱T.Aチップ,\590
202,202G000000260,MVS1260X05S130　DP1020,三菱WSTARドリル,"\15,300"
202,202G000000231,RM560Z-TiN-16.1 ASG3000,菱高　再研磨+再ｺｰﾄ,"\9,900"
202,202G000000118,MVS0860X10S090 DP1020,三菱超硬ﾄﾞﾘﾙ　再研磨+再コート,"\4,440"
202,202G000000225,RM560Z　TIN D16.1,菱高Monomax超硬リーマ,"\27,600"
202,202G000000101,MQS1580*5DB,三菱超硬ﾄﾞﾘﾙ　再研磨+再ｺｰﾄ,"\4,850"
202,202G000000251,DLE1200S120P090 DP1020,三菱超硬ﾘｰﾃﾞｨﾝｸﾞﾄﾞﾘﾙ　再研磨+再ｺｰﾄ,"\6,660"
202,*,MVS1160X05S120　DP1020,三菱,"\14,930"
202,202G000000081,三菱T.Aﾁｯﾌﾟ,FH7020　JDMT09T320ZDSR-JM,\512
202,*,NP-TPGB110304GA3 BC8220,三菱T.A CBNチップ,"\3,780"
202,*,NP-TPGB110304VA3 BC8220,三菱T.A CBNチップ,"\3,780"
202,202G000000265,MVS0950X05S100 DP1020,三菱,"\12,100"
202,202G000000266,DC0621T,クランプネジ,\590
202,202G000000250,D18.6×2.5×130×D20,三菱ポート面加工カッター,"\62,000"
202,202G000000207,MVS1200*08S120 DP1020,三菱WSTARドリル　再研磨+再ｺｰﾄ,"\6,390"
202,*,MVS0430X10S050　DP1020,三菱,"\9,750"
202,202G000000267,NP-CCGW060202GA2　BC8220,三菱,"\3,070"
202,202G000000268,NP-CCGW060204GA2　BC8220,三菱,"\3,070"
202,202G000000048,CCMT060202　UE6110,三菱T.Aチップ,\375
202,202G000000054,TPGX080204　VP15TF,三菱T.Aチップ,\580
202,202G000000111,CCMT09T304 VP15TF,三菱T・Aチップ,\510
202,202G000000262,MQS1500X3DB　DP3020,三菱　再研磨+再ｺｰﾄ,"\4,000"
202,202G000000270,MVS0800X08S080 DP1020,三菱,"\11,700"
202,202G000000060,MWE0850MB,再研磨+再ｺｰﾄ,"\2,750"
202,202G000000271,MVS0610X08S080 DP1020,三菱WSTARドリル,"\10,340"
202,202G000000082,MWS1250MB（再研.ｻｲｺｰﾄ）,三菱超硬ﾄﾞﾘﾙ,"\3,400"
202,*,MVS1170X05S120　DP1020,三菱,"\14,930"
202,202G000000197,W120-W24-4.1L*80*S10　WXL,ｼｰﾄ面ｶｯﾀｰ（ｺｰﾄ付）N-20220317,"\19,500"
202,202G000000257,W90-W30-2.5L*80*S10 WXL,シート面カッター（ｺｰﾄ付）3本ロッド,"\19,300"
202,202G000000117,GY1B-2*4*C45*1-T2-R2,AL20RT（ロット500）,"\2,490"
202,202G000000008,VCMT160404-MP　MC6025,"T,Aﾁｯﾌﾟ","\1,120"
202,202G000000272,MVS0150X07S030　DP1020,三菱　再研磨+再ｺｰﾄ,"\4,370"
202,202G000000190,DLE1200S120P060 DP1020,三菱超硬ﾘｰﾃﾞｨﾝｸﾞﾄﾞﾘﾙ,"\9,860"
202,*,MVS1500X03S150,三菱,"\15,980"
202,202G000000277,NP-VNGA160408GA2 BC8220,三菱T.A CBNチップ,"\2,810"
202,202G000000269,D28.5*D40.5*140*D25*1N,三菱端面溝入れカッター,"\89,900"
202,122SN00000638,MQS0510X5DB　DP3020,三菱,"\7,860"
202,202G000000274,MVS1350X05S140 DP1020,三菱　再研磨+再ｺｰﾄ,"\3,950"
202,*,MQS0900X3DB　DP3020,三菱　再研磨+再ｺｰﾄ,"\3,890"
202,202G000000279,NP-TPGB110308GA3 BC8220,三菱T.A CBNチップ,"\3,780"
202,*,D55*D46.8*140*S32*2N,三菱端面溝入れカッター,"\118,000"
202,*,D125.D116.8*63L*D38.1*2N,三菱端面溝入れカッター（フェイスミル）,"\142,500"
202,202G000000273,3.2*R0.2*1.8-TIALN,三菱特殊端面溝入れチップ（ロット10）,"\5,440"
202,202G000000280,BT40-FMA38.1-060-tkur,田倉正面フライスアーバ,"\12,100"
202,202G000000174,MVS1400X03S140,三菱ﾏﾃﾘｱﾙﾂｰﾙｽﾞ,"\13,900"
202,202G000000261,W90-W30-3.6L*80*S10 WXL,シート面カッター（ｺｰﾄ付）3本ロッド,"\19,300"
202,*,IMX20-U20N070L130C,三菱ﾍｯﾄﾞ交換式ｴﾝﾄﾞﾐﾙ超硬ﾎﾙﾀﾞｰ 202G,"\49,500"
202,*,IMX20RC4F200R05021C,三菱ﾍｯﾄﾞ交換式ｴﾝﾄﾞﾐﾙ　202G,"\21,800"
202,*,ZM445-4L180,,"\63,540"
202,202G000000116,MVS1460X03S150-WX-SAI,三菱超硬ﾄﾞﾘﾙ　再研磨+再ｺｰﾄ,"\3,950"
202,*,SDLSD0780A250,三菱,"\3,160"
202,202G000000281,IMX20RC4F200R05021C　EP7020,三菱ﾍｯﾄﾞ交換式ｴﾝﾄﾞﾐﾙ　202G,"\21,800"
202,202G000000282,MVS1300X08S130 DP1020,三菱,"\20,700"
202,202G000000112,A25R-DDUNR15,三菱ﾀﾞﾌﾞﾙｸﾗﾝﾌﾟﾃﾞｨﾝﾌﾟﾙﾊﾞｰ,"\11,700"
202,*,MVS550*03S060　DP1020,三菱,"\7,480"
202,202G000000286,IMX20-U20N030L090L,三菱ヘッド交換式エンドミル ホルダ,"\45,500"
202,202G000000164,MHS0680L060B VP15TF,三菱WSTARﾄﾞﾘﾙ　再研磨+再ｺｰﾄ,"\4,950"
202,202G000000283,MQS1300X8DB-WX-SYUSEI,三菱 再研磨+再ｺｰﾄ ※刃先形状修正,"\7,700"
202,202G000000215,MFE1550*02S160 DP1020,三菱超硬ｻﾞｸﾞﾘﾄﾞﾘﾙ,"\14,110"
202,202G000000064,DP3020　MQS1150X5DB,三菱超硬ﾄﾞﾘﾙ　再研磨+再ｺｰﾄ,"\5,550"
202,202G000000222,MVS1380*03S140,三菱WSTARドリル　再研磨+再ｺｰﾄ,"\3,950"
202,*,MVS1200X03S120,三菱,"\13,150"
202,202G000000291,MVS1300*05S130　DP1020,三菱WSTARドリル　202G,"\16,030"
202,202G000000292,61214H-20FM,NTKスローアウェイドリルGEN3,"\99,800"
202,*,MQS1200X3DB　DP3020,三菱WSTARドリル　202G.../,"\13,150"
202,*,MVE1200*03S120,,"\10,990"
202,202G000000176,SNMU140812ANER-M MP6130,三菱T.Aチップ,\780
202,202G000000189,NTKﾄﾞﾘﾙﾁｯﾌﾟ,7C114P-14　AM300,"\7,700"
202,202G000000289,N-20230338　シート面カッター,W90-W30-3.6L*80*S10　再研+再ｺｰﾄ,"\6,800"
202,*,MVS1050*08S110,,"\16,250"
202,202G000000076,DP1020　MFE1200*02S120　再研磨+再ｺｰﾄ,三菱超硬ｻﾞｸﾞﾘﾄﾞﾘﾙ,"\4,550"
202,202G000000295,SCMT09T304-MM　MP7035,三菱,\560
202,*,MVS0300*10S030　DP1020,三菱,"\9,260"
202,202G000000294,MVS1030*05S110,三菱WSTARドリル　再研磨+再ｺｰﾄ,"\4,400"
202,202G000000219,ｿﾘｯﾄﾞR付面取ｶｯﾀｰ(ｺｰﾃｨﾝｸﾞ付),D4*R1.5*60ﾄﾞ*70L*D10　ALC　三洋,"\12,700"
202,202G000000296,CNMG120412-MS　VP15TF,三菱,\300
202,202G000000297,SNMG120408-MS　VP15TF,三菱,\470
202,202G000000298,TPMH090204-MV　VP15TF,三菱,\450
202,202G000000299,DCMT070204　VP15TF,三菱,\470
202,202G000000300,TPMH090208-MV　VP15TF,三菱,\450
202,202G000000301,SPMW120304　VP15TF,三菱,\550
202,202G000000302,TPMH110308-MV　VP15TF,三菱,\450
202,202G000000115,三菱GYﾁｯﾌﾟ VP20RT,GY2M0400G020N-MS,\952
202,202G000000306,61214S-20FM,NTKスローアウェイドリルGEN3,"\108,020"
202,*,MVS0660X03S080　DP1020,三菱WSTAR　ﾄﾞﾘﾙ　202G・・・/,"\8,350"
202,202G000000305,MVS1400*03S140,三菱　再研磨+再ｺｰﾄ,"\3,950"
202,202G000000307,SPMW090308　VP15TF,三菱,\560
202,202G000000196,W120-W24-3.1L*80*S10　WXL,ｼｰﾄ面ｶｯﾀｰ（ｺｰﾄ付） （ﾛｯﾄ2）,"\19,500"
202,202G000000303,DCGW070204-0.6　VP15TF,三菱,"\1,400"
202,202G000000304,DCGW070204-1.6　VP15TF,三菱,"\1,540"
202,202G000000308,TNMG160408-MS VP15TF,三菱,\300
202,202G000000179,三菱超硬ﾄﾞﾘﾙ,DP3020　MQS0450*8DB,"\8,540"
202,*,MVS1170X05S120,三菱,"\14,930"
202,202G000000310,AJX09R404SA32S,三菱,"\29,980"
202,202G000000313,菱高ｱﾝｷﾞｭﾗｶｯﾀｰ(ｼﾝｸﾞﾙ）60°,ZAC-880-SC-D75*13*25.4,"\29,000"
202,202G000000209,外丸R2.5カッター　再研磨,MRT R2.5*38.5*5*12.7,"\4,950"
202,*,GYAR25R90B-D06,三菱　溝入れバイトホルダ,"\17,450"
202,*,GY2M0200D100N-BM　VP10RT,三菱　溝入れT.Aチップ,\890
202,*,MVS1580*05S160,三菱,"\18,900"
202,202G000000311,W120-W24-3.1L-SAIKEN WXL,N-20220316 再研磨+再ｺｰﾄ,"\7,500"
202,202G000000312,W90-W30-2.5L-SAIKEN WXL,N-20230231 再研磨+再ｺｰﾄ,"\7,500"
202,202G000000315,MVS1520X03S160 DP1020,三菱WSTARドリル,"\16,370"
202,202G000000208,片角カッター再研磨,MRT L60*34.5*12.7*14,"\7,700"
202,202G000000316,MVS1100*08S110　DP1020,三菱WSTARドリル,"\15,600"
219,219NS00000012,ZSP-TAP　M16*1.5　P2,ﾅﾁ,"\3,440"
219,219NS00000011,GSXVLRE4160-2.5D ﾗﾌｨﾝｸﾞｴﾝﾄﾞﾐﾙ,NACHI　再研+再ｺｰﾄ,"\9,180"
219,219NS00000021,GM-4E-D12.0,株洲工具,"\3,570"
219,219NS00000032,GLSD 2.0*75 ｽﾄﾚｰﾄﾛﾝｸﾞﾄﾞﾘﾙ,NACHI,"\1,690"
219,219NS00000071,AGPLSD1.0*56,NACHI,\990
219,219NS00000007,GM-2R-D4.0R0.5,株洲工具・ｴﾝﾄﾞﾐﾙ,\800
219,219NS00000067,2CE2.5,NACHI,"\1,920"
219,219NS00000015,ZSP-TAP　M12*1.75　P3,ﾅﾁ,"\2,140"
219,219NS00000072,GSXVLRE4040-2.5D ﾗﾌｨﾝｸﾞ2.5D,NACHI,"\6,000"
219,219NS00000056,ｽｷﾙﾀｯﾁS 100*2*15 AC60 (20枚）,日本レヂボン,"\3,760"
219,219NS00000018,ZSP-TAP　M10*1.5　P3　R+1,NACHI,"\1,600"
219,219NS00000073,GS4030SF-R02,NACHI,"\4,090"
219,219NS00000074,GS4050SF-R02,NACHI,"\4,410"
219,219NS00000069,GSX41400P-2.5D　GSXﾐﾙ　4枚刃,NACHI　再研磨+ｻｲｺｰﾄ,"\4,500"
219,219NS00000070,GSX21400C-2.5D　GSXﾐﾙ　2枚刃,NACHI　再研磨+再ｺｰﾄ,"\4,250"
219,219NS00000068,AQDEXSL QH 1050,NACHI　再研磨+再ｺｰﾄ,"\5,150"
219,*,GS4040SF-R0.2,NACHI,"\4,330"
219,219NS00000010,ZPO-TAP　M12*1.25　P3,ﾅﾁ　ﾎﾟｲﾝﾄﾀｯﾌﾟ,"\2,080"
219,219NS00000027,ZSP-TAP　M5*0.8　P2,ナチ,\840
219,219NS00000075,ﾌﾞﾛｰﾊﾞｯｸﾄﾞﾗﾑ ﾊﾟｰﾂ　ﾀﾞｸﾄﾎｰｽ3M金具付,OSG　TO.QTO用,"\20,470"
219,219NS00000078,ZSP M14*2.0 P3,NACHI,"\2,880"
219,*,DLCFFDOH8D0330,NACHI,"\17,650"
219,*,ZSPL M4*0.7R*100,NACHI,"\1,850"
219,219NS00000081,3/8 ﾍｯｸｽｿｹｯﾄ 14mm 314HT,ﾐﾄﾛｲ（水戸工機）,\705
219,219NS00000037,パーツクリーナー　840ml,クレ　No1422,\470
219,219NS00000057,ZSP-TAP　M12*1.25　P3　R+1,ナチ,"\2,280"
219,219NS00000022,ZPO-TAP　M20*2.5　P4,ﾅﾁ,"\6,710"
219,219NS00000040,GM-4R-D8.0R1.0,株洲工具,"\2,070"
219,219NS00000029,ZSP-TAP　M8*1.25　+1　P3,ﾅﾁ,"\1,350"
219,219NS00000077,GSXVLRE4040-2.5D,NACHI　頭のみ再研磨+再ｺｰﾄ,"\1,950"
219,219NS00000026,ﾊﾞｰﾃｯｸ　ROBOﾎｲﾙﾌﾞﾗｼ,SW0.3　WA-100　13ｱﾅ,"\1,200"
219,219NS00000083,管用ﾃｰﾊﾟねじｹﾞｰｼﾞ　TG R R1/1/4-11,OSG,"\52,800"
219,219NS00000084,管用ﾃｰﾊﾟねじｹﾞｰｼﾞ　TG P R1-11,OSG,"\31,900"
219,219NS00000085,限界ｹﾞｰｼﾞ　LG 2 GPWP M12*1.5,OSG,"\9,880"
219,219NS00000086,C6-CKB6-59,BIG,"\18,240"
219,219NS00000087,SW68-110CKB6,BIG,"\28,920"
219,219NS00000088,SW6890A,BIG,"\26,430"
219,219NS00000089,SCMM120408EFM　CW20PA,BIG,\800
219,219NS00000090,TB00249 B-10A Zｹﾝﾏﾍﾞﾙﾄ Z#240*10(50P),日東工器�梶@ｼﾞﾙｺﾆｱﾍﾞﾙﾄ,"\5,270"
219,219NS00000091,4XSGEO4E0.2,NACHI,"\6,600"
219,219NS00000091,4XSGEO4R0.2,NACHI,"\6,600"
219,219NS00000093,4XSGE03R02,NACHI,"\6,360"
219,219NS00000092,4XSGE05R02,NACHI,"\6,970"
219,219NS00000094,NK32-70RL　Rﾇｰﾎﾞｰ,富士元,"\49,880"
219,219NS00000096,N54GCR-10R　AC16T(3個入り),富士元,"\11,300"
219,219NS00000058,GM-4E-D14.0,株洲工具,"\5,560"
219,219NS00000059,GEOSLT2,NACHI,"\4,090"
219,219NS00000097,GSXVL4080-R0.5-2.5D,NACHI,"\16,400"
219,219NS00000099,VX3010 ASH 9.5□*10mm,ｿｹｯﾄﾚﾝﾁ用ﾍｷｻｺﾞﾝｿｹｯﾄ,\590
219,*,4XSGEO4.5,NACHI,"\4,830"
219,*,4XSGEO3,NACHI,"\4,260"
219,219NS00000101,GM-4E-D10.0,株洲工具,"\2,800"
219,219NS00000004,ZSP-TAP　M6*1　P2,ナチ,\990
219,*,ｵｰｴｽｼﾞｰ�梶@限界ｹﾞｰｼﾞ,LG　GPNP　G3/8-19　#36370,"\17,760"
219,*,空研　非吸塵式ﾃﾞｭｱﾙｱｸｼｮﾝｻﾝﾀﾞｰ,DAM-05AB（マジック仕様）,"\26,120"
219,*,4XSGE03R0.2,NACHI,"\6,360"
219,*,4XSGE03,NACHI,"\4,260"
219,*,4XSGE04.5,NACHI,"\4,830"
219,*,4XSGE04R0.2,NACHI,"\6,600"
219,*,�棺ｶｴ　軽量作業台KSタイプ（移動式）,KS-096FR（W900XD600XH740/mm）,"\26,100"
219,219NS00000111,4XSGE04R02,NACHI,"\6,600"
219,219NS00000112,ZSP M14*1.5 R+1,NACHI,"\3,250"
219,219NS00000107,AQDEXS1400,NACHI 再研磨+再ｺｰﾄ,"\6,480"
219,*,伸縮式コンテナ台車　FCD-5060-S,TRUSCO,"\5,810"
219,219NS00000126,2GE0R 4.5*10 X’Sﾐﾙｼﾞｵﾎﾞｰﾙ,NACHI,"\10,820"
219,219NS00000122,ﾄﾘｶﾙﾈｯﾄ　N-23,幅0.62m　長さ50m,"\38,400"
219,219NS00000127,2GE0R 4.5*10,NACHI　再研磨+再ｺｰﾄ,"\3,420"
219,219NS00000129,4AGEL 20*20,NACHI AGﾐﾙ　4枚刃　ﾛﾝｸﾞ,"\9,920"
219,219NS00000057,ZSP-TAP　M12*1.25　P3,ナチ,"\2,460"
219,219NS00000135,ZPO-TAP　M10*1.5　P3,ﾅﾁ　ﾎﾟｲﾝﾄﾀｯﾌﾟ,"\1,720"
219,219NS00000002,GM-4E-D8.0,株洲工具・ｴﾝﾄﾞﾐﾙ,"\1,750"
219,219NS00000133,AQRVDBL4D0880,ﾅﾁ　再研+再ｺｰﾄ,"\5,630"
219,219NS00000140,M2-6465-KU3,ｽﾁｰﾙﾗｯｸ M2型中量棚,"\44,260"
219,219NS00000144,MKA-1 MKW-40P用ｱﾀﾞﾌﾟﾀｰ,ミヤサカ工業,"\2,230"
208,208IS00000027,W122°-φ14-60L-120L,ﾘｰﾏ再研+再ｺｰﾄ,"\3,600"
208,208IST0000025,04WNSB1050-TH　ｻｲｹﾝ+ｻｲｺｰﾄ,,"\1,990"
208,208IST0000036,超硬　4N*φ16　ｴﾝﾄﾞﾐﾙ,再研磨+再ｺｰﾄ,"\3,980"
208,208IST0000065,W120°-W24°-4.1L　（要検査書）,12°ｵｰﾘﾝｸﾞ加工用工具　再研+再ｺｰﾄ,"\8,060"
208,208IST0000050,菱高Sｱﾝｷﾞｭﾗｰｶｯﾀｰ　50*8*25.4　左60°,再研磨+tinｺｰﾄ,\0
208,208IST0000049,100*6*25.4　ｻｲﾄﾞｶｯﾀｰ,再研磨+再ｺｰﾄ,"\3,090"
208,208IST0000003,岡崎　千鳥刃ｻｲﾄﾞｶｯﾀｰ,再研+ｻｲｺｰﾄ（有黄色）,"\3,690"
208,208IST0000035,超硬2段特殊ﾃｰﾊﾟｰEMW90-3.3L-W30-2.4L-RO.5,再研+再ｺｰﾄ,"\8,060"
208,*,φ29　超硬em,再研磨+再ｺｰﾄ,"\5,480"
208,208IS00000034,超硬ｴﾝﾄﾞﾐﾙ　φ16,切断+再ｺｰﾄ,"\3,230"
208,208IST0000009,超硬2段特殊ﾃｰﾊﾟｰEMW90°-3L-W30-3.5L-RO.5,再研+再ｺｰﾄ,\0
208,208IST0000026,AGSTD10.0-90　ｽﾀｰﾃｨﾝｸﾞﾄﾞﾘﾙ,ﾅﾁ　再研+再ｺｰﾄ,"\1,430"
208,*,R4*14/100　ﾎﾞｰﾙｴﾝﾄﾞﾐﾙ,再研磨+再ｺｰﾄ,"\1,540"
208,208IS00000036,EM　4N*φ20(M),再研磨+再ｺｰﾄ,"\4,880"
208,*,R4 ﾎﾞｰﾙｴﾝﾄﾞﾐﾙ,再研磨+再ｺｰﾄ,"\1,540"
208,*,ﾗﾌｨﾝｸﾞEM 4N*30φ(M),底刃+溝+TiCNｺｰﾄ(117L),"\5,780"
208,208IST0000064,W120°-W24°-3.1L　（要検査書）,12°ｵｰﾘﾝｸﾞ加工用工具　再研+再ｺｰﾄ,"\8,150"
208,208IST0000086,SACR070*08*060,岡崎 ｼﾝｸﾞﾙｱﾝｸﾞﾙｶｯﾀｰ 再研磨+再ｺｰﾄ（黄色),"\4,760"
208,*,125*5*25.4,岡崎 ｻｲﾄﾞﾐｰﾘﾝｸﾞｶｯﾀｰ 再研磨+再ｺｰﾄ（黄色）,"\4,340"
208,208IST0000015,ﾒﾝﾄﾘｶｯﾀｰ,底刃+TiNｺｰﾄ,"\1,720"
208,208IST0000051,04WNSB1030-TH　ｻｲｹﾝ+ｻｲｺｰﾄ,,"\2,250"
208,208IST0000028,ﾊｲｽEM　φ32,外径再研磨,"\1,680"
208,208IST0000001,ﾌｸﾀﾞ精工ｼﾝｸﾞﾙｱﾝｸﾞﾙｶｯﾀｰ　50*8*25.4*60°,再研+ｻｲｺｰﾄ（有黄色）,\0
208,*,75*18*25.4*60°ｼﾝｸﾞﾙｱﾝｸﾞﾙｶｯﾀｰ,岡崎　再研磨+再ｺｰﾄ（有黄色）,"\5,390"
208,*,125*5*25.4　ｻｲﾄﾞﾐｰﾘﾝｸﾞｶｯﾀｰ,岡崎　再研磨+再ｺｰﾄ（有黄色）,"\4,340"
208,*,φ35em ハイス,外径再研磨,"\1,800"
208,*,アンギュラーカッター　７０Φ６０°,外周+底刃+TiNコート（8L）,"\4,560"
208,208IST0000002,岡崎　SACRφ75*13*25.4*60°,再研+ｻｲｺｰﾄ（有黄色）,"\4,760"
208,*,EM　4N*32Φ　（L）,外周+底刃,"\1,490"
208,208IST0000059,超硬　ﾘｰﾏ　4N*14φ122*60*120,製作,"\13,680"
208,208IST0000034,超硬2段特殊ﾃｰﾊﾟｰEMW90°-3L-W30-3.1L-RO.5,再研磨+再ｺｰﾄ,"\8,150"
208,208IST0000024,超硬2段特殊ﾃｰﾊﾟｰEMW90-W30-3.5L-φ7.9RO.5,再研+再ｺｰﾄ,"\8,150"
208,*,超硬　2段特殊EM120°-4.1L−8Φ-0.5R,再研磨+TiALNｺｰﾄ（68L）,"\8,150"
208,*,超硬　2段特殊EM120°-3.1L−8Φ-0.5R,再研磨+TiALNｺｰﾄ（55L）,"\8,150"
208,*,アンギュラーカッター,50φ60,\0
208,*,サイドカッター,125φ5ｔ,"\4,340"
208,208IST0000023,ﾘｰﾃﾞｨﾝｸﾞﾄﾞﾘﾙφ10　90°,刃付+TIALNｺｰﾄ（87L）,"\1,430"
208,*,ﾗﾌｨﾝｸﾞEM　6N*35φ　L　溝,,"\2,180"
208,208IST0000069,ZM445-4L180　菱高,ｺｰﾅｰR0.8研磨+TiALNｺｰﾄ,"\2,950"
208,208IST0000057,超硬 EM 4N*16φ(M),外周+底刃+溝+TiALNｺｰﾄ,"\3,100"
208,208IST0000033,超硬2段特殊ﾃｰﾊﾟｰEMW120°-4.3L-φ8-R0.5,再研+TINｺｰﾄ,"\8,150"
208,208IST0000054,特殊Sｱﾝｸﾞﾙｶｯﾀｰ　50*8*25.4*左60°　SKH51,大洋ﾂｰﾙ　再研磨+再ｺｰﾄ（有黄色）,"\3,040"
208,208IST0000019,超硬2段特殊ﾃｰﾊﾟｰEMW120°-3.4L-φ8-R0.5,再研+TINｺｰﾄ,"\7,990"
208,208IST0000091,超硬　交換式ﾄﾞﾘﾙ39φ,刃付+TiALNｺｰﾄ(25L),"\6,510"
208,208IST0000070,超硬　交換式ﾄﾞﾘﾙ34φ,刃付+TiALNｺｰﾄ(23L),"\5,610"
208,208IST0000013,ｼﾝｸﾞﾙｱﾝｷﾞｭﾗｶｯﾀｰ 22N*75φ60°*13t,外周+底刃+TiNｺｰﾄ(75*13),"\3,040"
208,208IST0000048,100*60*25.4　千鳥刃ｻｲﾄﾞｶｯﾀｰ,菱高精機　再研磨+TINｺｰﾄ,"\3,690"
208,*,ﾗﾌｨﾝｸﾞEM　4N　Φ32,刃付け+溝再研,"\1,200"
208,208IST0000038,ﾒﾝﾄﾘｶｯﾀｰ　25*90°ｻｲｹﾝﾏ,,\610
208,208IST0000006,W120°-W24°-3.4L-φ8-R0.5,製作(80L)+TiALNｺｰﾄ(80L),"\8,150"
208,208IST0000037,超硬チップCR9025(GMM8030-080MW),特殊加工+TiNｺｰﾄ（30*7.7）TYAB20用,"\3,330"
69,69HK000000001,DNMG150408XS:CA025P,鋼用新ｺｰﾃｨﾝｸﾞﾁｯﾌﾟ　京ｾﾗ,\640
